
[
    {
      "id": 1,
      "name": "Home",
      "path": "/"
    },
    {
      "id": 2,
      "name": "About",
      "path": "/about",
      "children": [
        {
          "id": 7,
          "name": "Team",
          "path": "/about/team",
          "children": [
            {
              "id": 8,
              "name": "Member 1",
              "path": "/about/team/member-1"
            },
            {
              "id": 9,
              "name": "Member 2",
              "path": "/about/team/member-2"
            }
          ]
        }
      ]
    },
    {
      "id": 3,
      "name": "Contact",
      "path": "/contact"
    },
    {
      "id": 4,
      "name": "Services",
      "path": "/services",
      "children": [
        {
          "id": 5,
          "name": "Service 1",
          "path": "/services/service-1"
        },
        {
          "id": 6,
          "name": "Service 2",
          "path": "/services/service-2"
        }
      ]
    }
  ]
  